{
  "version": "1.0.0",
  "build_date": "2025-06-29 09:39:00",
  "features": [
    "quantum-compilation",
    "arrow-optimization",
    "quantum-algorithms",
    "performance-boost"
  ],
  "platforms": [
    "linux-x86_64",
    "linux-aarch64",
    "macos",
    "windows"
  ],
  "performance": {
    "compilation_speedup": "3-6x",
    "memory_savings": "30%",
    "runtime_boost": "2-8x"
  },
  "build_hash": "5df95ef9",
  "components": [
    "quantum-rustc",
    "quantum-cargo",
    "quantum-fmt",
    "quantum-clippy",
    "quantum-doc",
    "quantum-test",
    "quantum-bench",
    "quantum-profiler"
  ]
}